<?xml version="1.0" encoding="UTF-8" ?>
<!DOCTYPE mapper
  PUBLIC "-//mybatis.org//DTD Mapper 3.0//EN"
  "http://mybatis.org/dtd/mybatis-3-mapper.dtd">

<!-- 게시판 처리 SQL -->
<mapper namespace="global.sesoc.web6.dao.BoardMapper">

	<!-- 게시글 저장 -->
	<insert id="insertBoard" parameterType="Board">
		insert into board (
			boardnum
			, id
			, title
			, content
			<if test="originalfile != null and savedfile != null">
			, originalfile
			, savedfile
			</if>
		)
		values (
			board_seq.nextval
			, #{id}
			, #{title}
			, #{content}
			<if test="originalfile != null and savedfile != null">
			, #{originalfile}
			, #{savedfile}
			</if>
		)
	</insert>
	
	<!-- 게시글 읽기 -->
	<select id="getBoard" parameterType="int" resultType="Board">
		select 
			boardnum
			, id
			, title
			, content
			, to_char(inputdate, 'YYYY-MM-DD HH24:MI:SS') inputdate
			, hits
			, originalfile
			, savedfile
		from 
			board 
		where 
			boardnum = #{boardnum}
	</select>
	


</mapper>
